token,asset_usdt_price,collateral_vip_loan_ratio_tiers,collateral_margin_ratio_tiers,collateral_portfolio_margin_ratio_tiers
1inch,0.4836,"[0-500000:100, 500000-1000000:85, 1000000-2000000:65, 2000000-3000000:50, 3000000-6000000:30, 6000000-10000000:10]","[0-100000:100,100000-200000:60,200000-400000:30,400000-1000000:20,1000000-2000000:10]",[0-18446744073709551615:70]
aave,103.81,"[0-500000:100, 500000-1000000:85, 1000000-2000000:65, 2000000-3000000:50, 3000000-6000000:30, 6000000-10000000:10]","[0-250000:100,250000-500000:60,500000-1000000:30,1000000-3000000:10]",[0-18446744073709551615:90]
ach,0.02983,"[0-1000000:100, 1000000-1500000:90, 1500000-2500000:80, 2500000-4000000:70, 4000000-6000000:60, 6000000-8000000:50, 8000000-10000000:30, 10000000-15000000:10]","[0-100000:100,100000-200000:60,200000-400000:30,400000-1000000:20,1000000-2000000:10]",[0-18446744073709551615:10]
acm,2.258,,"[0-50000:100,50000-200000:60,200000-1000000:10]",[0-18446744073709551615:0]
ada,0.447,"[0-10000000:100, 10000000-11000000:80, 11000000-12000000:60, 12000000-13000000:50, 13000000-14000000:30, 14000000-60000000:10]","[0-2500000:100,2500000-4000000:90,4000000-5000000:70,5000000-6000000:60,6000000-8000000:50,8000000-10000000:30,10000000-80000000:10]",[0-18446744073709551615:90]
adx,0.2117,,"[0-50000:100,50000-200000:60,200000-1000000:10]",[0-18446744073709551615:10]
aergo,0.1209,"[0-100000:100, 0-100000:100, 100000-300000:80, 100000-500000:80, 300000-600000:60, 500000-8000000:60, 600000-1000000:50, 1000000-3000000:30, 3000000-5000000:10]",[0-50000:100],[0-18446744073709551615:10]
agix,0.8964,"[0-3000000:100, 3000000-4000000:90, 4000000-5000000:80, 5000000-6000000:70, 6000000-7000000:60, 7000000-8000000:50, 8000000-10000000:30, 10000000-20000000:10]","[0-250000:100,250000-500000:60,500000-1000000:30,1000000-3000000:10]",[0-18446744073709551615:50]
agld,1.342,"[0-100000:100, 0-100000:100, 100000-300000:80, 100000-500000:80, 300000-600000:60, 500000-8000000:60, 600000-1000000:50, 1000000-3000000:30, 3000000-5000000:10]","[0-100000:100,100000-200000:60,200000-400000:30,400000-1000000:20,1000000-2000000:10]",[0-18446744073709551615:10]
akro,0.006913,,"[0-50000:100,50000-200000:60,200000-1000000:10]",[0-18446744073709551615:10]
alcx,24.35,"[0-100000:100, 0-100000:100, 100000-300000:80, 100000-500000:80, 300000-600000:60, 500000-8000000:60, 600000-1000000:50, 1000000-3000000:30, 3000000-5000000:10]","[0-50000:100,50000-200000:60,200000-1000000:10]",[0-18446744073709551615:10]
algo,0.1881,"[0-500000:100, 500000-1000000:85, 1000000-2000000:65, 2000000-3000000:50, 3000000-6000000:30, 6000000-10000000:10]","[0-250000:100,250000-500000:60,500000-1000000:30,1000000-3000000:10]",[0-18446744073709551615:85]
alice,1.612,,"[0-100000:100,100000-200000:60,200000-400000:30,400000-1000000:20,1000000-2000000:10]",[0-18446744073709551615:80]
alpaca,0.1802,,"[0-50000:100,50000-200000:60,200000-1000000:10]",[0-18446744073709551615:10]
alpha,0.1275,,"[0-100000:100,100000-200000:60,200000-400000:30,400000-1000000:20,1000000-2000000:10]",[0-18446744073709551615:10]
alpine,1.844,"[0-1000000:100, 1000000-1500000:90, 1500000-2500000:80, 2500000-4000000:70, 4000000-6000000:60, 6000000-8000000:50, 8000000-10000000:30, 10000000-15000000:10]","[0-100000:100,100000-200000:60,200000-400000:30,400000-1000000:20,1000000-2000000:10]",[0-18446744073709551615:15]
amb,0.00976,,"[0-50000:100,50000-200000:60,200000-1000000:10]",[0-18446744073709551615:10]
amp,0.007057,"[0-100000:100, 0-100000:100, 100000-300000:80, 100000-500000:80, 300000-600000:60, 500000-8000000:60, 600000-1000000:50, 1000000-3000000:30, 3000000-5000000:10]","[0-50000:100,50000-200000:60,200000-1000000:10]",[0-18446744073709551615:10]
ankr,0.04283,"[0-100000:100, 0-100000:100, 100000-300000:80, 100000-500000:80, 300000-600000:60, 500000-8000000:60, 600000-1000000:50, 1000000-3000000:30, 3000000-5000000:10]","[0-100000:100,100000-200000:60,200000-400000:30,400000-1000000:20,1000000-2000000:10]",[0-18446744073709551615:80]
ant,9.591688281,,[0-50000:100],[0-18446744073709551615:0]
ape,1.249,"[0-3000000:100, 3000000-4000000:90, 4000000-5000000:80, 5000000-6000000:70, 6000000-7000000:60, 7000000-8000000:50, 8000000-10000000:30, 10000000-20000000:10]","[0-100000:100,100000-200000:60,200000-400000:30,400000-1000000:20,1000000-2000000:10]",[0-18446744073709551615:60]
api3,3.074,"[0-500000:100, 500000-1000000:85, 1000000-2000000:65, 2000000-3000000:50, 3000000-6000000:30, 6000000-10000000:10]","[0-100000:100,100000-200000:60,200000-400000:30,400000-1000000:20,1000000-2000000:10]",[0-18446744073709551615:10]
apt,9.15,"[0-6000000:100, 6000000-7000000:80, 7000000-8000000:60, 8000000-9000000:50, 9000000-10000000:30, 10000000-50000000:10]","[0-1000000:100,1000000-2000000:90,2000000-4000000:85,4000000-8000000:50,8000000-15000000:20,15000000-30000000:10]",[0-18446744073709551615:45]
ar,45.296,,"[0-250000:100,250000-500000:60,500000-1000000:30,1000000-3000000:10]",[0-18446744073709551615:80]
arb,1.1192,"[0-15000000:100, 15000000-20000000:80, 20000000-25000000:60, 25000000-30000000:50, 30000000-35000000:30, 35000000-80000000:10]","[0-2500000:100,2500000-4000000:90,4000000-5000000:70,5000000-6000000:60,6000000-8000000:50,8000000-10000000:30,10000000-80000000:10]",[0-18446744073709551615:75]
ardr,0.0976,,"[0-50000:100,50000-200000:60,200000-1000000:10]",[0-18446744073709551615:10]
arkm,2.605,"[0-500000:100, 500000-1000000:85, 1000000-2000000:65, 2000000-3000000:50, 3000000-6000000:30, 6000000-10000000:10]","[0-100000:100,100000-200000:60,200000-400000:30,400000-1000000:20,1000000-2000000:10]",[0-18446744073709551615:25]
arpa,0.07746,"[0-100000:100, 0-100000:100, 100000-300000:80, 100000-500000:80, 300000-600000:60, 500000-8000000:60, 600000-1000000:50, 1000000-3000000:30, 3000000-5000000:10]","[0-100000:100,100000-200000:60,200000-400000:30,400000-1000000:20,1000000-2000000:10]",[0-18446744073709551615:10]
astr,0.0857,"[0-100000:100, 0-100000:100, 100000-300000:80, 100000-500000:80, 300000-600000:60, 500000-8000000:60, 600000-1000000:50, 1000000-3000000:30, 3000000-5000000:10]","[0-100000:100,100000-200000:60,200000-400000:30,400000-1000000:20,1000000-2000000:10]",[0-18446744073709551615:30]
ata,0.1797,,"[0-100000:100,100000-200000:60,200000-400000:30,400000-1000000:20,1000000-2000000:10]",[0-18446744073709551615:20]
atom,8.3,"[0-6000000:100, 6000000-7000000:80, 7000000-8000000:60, 8000000-9000000:50, 9000000-10000000:30, 10000000-50000000:10]","[0-1000000:100,1000000-2000000:90,2000000-4000000:85,4000000-8000000:50,8000000-15000000:20,15000000-30000000:10]",[0-18446744073709551615:85]
auction,24.39,"[0-100000:100, 0-100000:100, 100000-300000:80, 100000-500000:80, 300000-600000:60, 500000-8000000:60, 600000-1000000:50, 1000000-3000000:30, 3000000-5000000:10]","[0-50000:100,50000-200000:60,200000-1000000:10]",[0-18446744073709551615:30]
audio,0.1996,,"[0-50000:100,50000-200000:60,200000-1000000:10]",[0-18446744073709551615:70]
auto,15.71627906,,[0-50000:100],
ava,0.7433,,[0-50000:100],[0-18446744073709551615:10]
avax,36.02,"[0-6000000:100, 6000000-7000000:80, 7000000-8000000:60, 8000000-9000000:50, 9000000-10000000:30, 10000000-50000000:10]","[0-1000000:100,1000000-2000000:90,2000000-4000000:85,4000000-8000000:50,8000000-15000000:20,15000000-30000000:10]",[0-18446744073709551615:80]
axs,7.413,"[0-6000000:100, 6000000-7000000:80, 7000000-8000000:60, 8000000-9000000:50, 9000000-10000000:30, 10000000-50000000:10]","[0-250000:100,250000-500000:60,500000-1000000:30,1000000-3000000:10]",[0-18446744073709551615:80]
badger,4.776,,"[0-100000:100,100000-200000:60,200000-400000:30,400000-1000000:20,1000000-2000000:10]",[0-18446744073709551615:20]
bake,0.3048,"[0-100000:100, 0-100000:100, 100000-300000:80, 100000-500000:80, 300000-600000:60, 500000-8000000:60, 600000-1000000:50, 1000000-3000000:30, 3000000-5000000:10]","[0-100000:100,100000-200000:60,200000-400000:30,400000-1000000:20,1000000-2000000:10]",[0-18446744073709551615:50]
bal,4.025,,"[0-50000:100,50000-200000:60,200000-1000000:10]",[0-18446744073709551615:10]
band,1.722,"[0-100000:100, 0-100000:100, 100000-300000:80, 100000-500000:80, 300000-600000:60, 500000-8000000:60, 600000-1000000:50, 1000000-3000000:30, 3000000-5000000:10]","[0-50000:100,50000-200000:60,200000-1000000:10]",[0-18446744073709551615:15]
bar,2.52,,"[0-100000:100,100000-200000:60,200000-400000:30,400000-1000000:20,1000000-2000000:10]",[0-18446744073709551615:15]
bat,0.2431,,"[0-50000:100,50000-200000:60,200000-1000000:10]",[0-18446744073709551615:80]
bch,454.8,"[0-350000000:100, 350000000-400000000:95, 400000000-450000000:90, 450000000-500000000:80, 500000000-550000000:70, 550000000-600000000:65, 600000000-650000000:60, 650000000-1500000000:50, 1500000000-3000000000:30]","[0-1000000:100,1000000-2000000:90,2000000-4000000:85,4000000-8000000:50,8000000-15000000:20,15000000-30000000:10]",[0-18446744073709551615:85]
bel,0.9714,"[0-100000:100, 0-100000:100, 100000-300000:80, 100000-500000:80, 300000-600000:60, 500000-8000000:60, 600000-1000000:50, 1000000-3000000:30, 3000000-5000000:10]","[0-50000:100,50000-200000:60,200000-1000000:10]",[0-18446744073709551615:10]
beta,0.06979,,"[0-50000:100,50000-200000:60,200000-1000000:10]",[0-18446744073709551615:60]
beth,3762.25,"[0-350000000:100, 350000000-400000000:95, 400000000-450000000:90, 450000000-500000000:80, 500000000-550000000:70, 550000000-600000000:65, 600000000-650000000:60, 650000000-1500000000:50, 1500000000-3000000000:30]",,
bico,0.5515,,"[0-100000:100,100000-200000:60,200000-400000:30,400000-1000000:20,1000000-2000000:10]",[0-18446744073709551615:10]
bidr,0.00006300275024,,[0-50000:100],[0-18446744073709551615:0]
blz,0.2514,"[0-100000:100, 0-100000:100, 100000-300000:80, 100000-500000:80, 300000-600000:60, 500000-8000000:60, 600000-1000000:50, 1000000-3000000:30, 3000000-5000000:10]",[0-50000:100],[0-18446744073709551615:50]
bnb,593.7,"[0-350000000:100, 350000000-400000000:95, 400000000-450000000:90, 450000000-500000000:80, 500000000-550000000:70, 550000000-600000000:65, 600000000-650000000:60, 650000000-1500000000:50, 1500000000-3000000000:30]","[0-40000000:100,40000000-50000000:98,50000000-80000000:95,80000000-120000000:90,120000000-160000000:85,160000000-200000000:80,200000000-300000000:60,300000000-1000000000:30]",[0-18446744073709551615:95]
bnt,0.8114,,"[0-50000:100,50000-200000:60,200000-1000000:10]",[0-18446744073709551615:10]
bnx,1.023,"[0-500000:100, 500000-1000000:85, 1000000-2000000:65, 2000000-3000000:50, 3000000-6000000:30, 6000000-10000000:10]",[0-50000:100],[0-18446744073709551615:10]
bond,3.34,"[0-500000:100, 500000-1000000:85, 1000000-2000000:65, 2000000-3000000:50, 3000000-6000000:30, 6000000-10000000:10]","[0-50000:100,50000-200000:60,200000-1000000:10]",[0-18446744073709551615:10]
bsw,0.0858,,"[0-50000:100,50000-200000:60,200000-1000000:10]",[0-18446744073709551615:50]
btc,67540,"[0-750000000:100, 750000000-800000000:95, 800000000-850000000:90, 850000000-900000000:80, 900000000-950000000:70, 950000000-1000000000:65, 1000000000-1050000000:60, 1050000000-1500000000:50, 1500000000-3000000000:30]","[0-40000000:100,40000000-50000000:98,50000000-80000000:95,80000000-120000000:90,120000000-160000000:85,160000000-200000000:80,200000000-300000000:60,300000000-1000000000:30]",[0-18446744073709551615:95]
bttc,0.00000117,"[0-3000000:100, 3000000-4000000:90, 4000000-5000000:80, 5000000-6000000:70, 6000000-7000000:60, 7000000-8000000:50, 8000000-10000000:30, 10000000-20000000:10]","[0-250000:100,250000-500000:60,500000-1000000:30,1000000-3000000:10]",[0-18446744073709551615:30]
burger,0.4734,,"[0-100000:100,100000-200000:60,200000-400000:30,400000-1000000:20,1000000-2000000:10]",[0-18446744073709551615:10]
busd,1,"[0-350000000:100, 350000000-400000000:95, 400000000-450000000:90, 450000000-500000000:80, 500000000-550000000:70, 550000000-600000000:65, 600000000-650000000:60, 650000000-1500000000:50, 1500000000-3000000000:30]","[0-500000:100,500000-1000000:80,1000000-2000000:70,2000000-3000000:30,3000000-8000000:10]",[0-18446744073709551615:0]
c98,0.2602,"[0-500000:100, 500000-1000000:85, 1000000-2000000:65, 2000000-3000000:50, 3000000-6000000:30, 6000000-10000000:10]","[0-100000:100,100000-200000:60,200000-400000:30,400000-1000000:20,1000000-2000000:10]",[0-18446744073709551615:80]
cake,2.767,"[0-3000000:100, 3000000-4000000:90, 4000000-5000000:80, 5000000-6000000:70, 6000000-7000000:60, 7000000-8000000:50, 8000000-10000000:30, 10000000-20000000:10]","[0-250000:100,250000-500000:60,500000-1000000:30,1000000-3000000:10]",[0-18446744073709551615:80]
celo,0.819,,"[0-100000:100,100000-200000:60,200000-400000:30,400000-1000000:20,1000000-2000000:10]",[0-18446744073709551615:80]
celr,0.0251,,"[0-100000:100,100000-200000:60,200000-400000:30,400000-1000000:20,1000000-2000000:10]",[0-18446744073709551615:10]
cfx,0.2142,"[0-38000000:100, 38000000-40000000:80, 40000000-45000000:70, 45000000-50000000:60, 50000000-55000000:50, 55000000-60000000:40, 60000000-65000000:30, 65000000-200000000:10]","[0-500000:100,500000-1000000:80,1000000-2000000:70,2000000-3000000:30,3000000-8000000:10]",[0-18446744073709551615:40]
chess,0.1891,,"[0-100000:100,100000-200000:60,200000-400000:30,400000-1000000:20,1000000-2000000:10]",[0-18446744073709551615:10]
chr,0.3284,,"[0-100000:100,100000-200000:60,200000-400000:30,400000-1000000:20,1000000-2000000:10]",[0-18446744073709551615:70]
chz,0.14186,"[0-3000000:100, 3000000-4000000:90, 4000000-5000000:80, 5000000-6000000:70, 6000000-7000000:60, 7000000-8000000:50, 8000000-10000000:30, 10000000-20000000:10]","[0-500000:100,500000-1000000:80,1000000-2000000:70,2000000-3000000:30,3000000-8000000:10]",[0-18446744073709551615:80]
ckb,0.016015,,"[0-100000:100,100000-200000:60,200000-400000:30,400000-1000000:20,1000000-2000000:10]",[0-18446744073709551615:35]
clv,0.0699,"[0-500000:100, 500000-1000000:85, 1000000-2000000:65, 2000000-3000000:50, 3000000-6000000:30, 6000000-10000000:10]",[0-50000:100],[0-18446744073709551615:10]
comp,59.19,"[0-100000:100, 0-100000:100, 100000-300000:80, 100000-500000:80, 300000-600000:60, 500000-8000000:60, 600000-1000000:50, 1000000-3000000:30, 3000000-5000000:10]","[0-100000:100,100000-200000:60,200000-400000:30,400000-1000000:20,1000000-2000000:10]",[0-18446744073709551615:80]
cos,0.010923,,"[0-50000:100,50000-200000:60,200000-1000000:10]",[0-18446744073709551615:30]
coti,0.12752,,"[0-50000:100,50000-200000:60,200000-1000000:10]",[0-18446744073709551615:80]
crv,0.4622,"[0-500000:100, 500000-1000000:85, 1000000-2000000:65, 2000000-3000000:50, 3000000-6000000:30, 6000000-10000000:10]","[0-100000:100,100000-200000:60,200000-400000:30,400000-1000000:20,1000000-2000000:10]",[0-18446744073709551615:85]
ctk,0.8467,,"[0-50000:100,50000-200000:60,200000-1000000:10]",[0-18446744073709551615:10]
ctsi,0.2245,"[0-100000:100, 0-100000:100, 100000-300000:80, 100000-500000:80, 300000-600000:60, 500000-8000000:60, 600000-1000000:50, 1000000-3000000:30, 3000000-5000000:10]","[0-100000:100,100000-200000:60,200000-400000:30,400000-1000000:20,1000000-2000000:10]",[0-18446744073709551615:15]
ctxc,0.339,,"[0-50000:100,50000-200000:60,200000-1000000:10]",[0-18446744073709551615:10]
cvp,0.3879,,"[0-50000:100,50000-200000:60,200000-1000000:10]",[0-18446744073709551615:10]
cvx,2.744,"[0-100000:100, 0-100000:100, 100000-300000:80, 100000-500000:80, 300000-600000:60, 500000-8000000:60, 600000-1000000:50, 1000000-3000000:30, 3000000-5000000:10]","[0-50000:100,50000-200000:60,200000-1000000:10]",[0-18446744073709551615:10]
dai,1.000900811,,"[0-500000:100,500000-1000000:80,1000000-2000000:70,2000000-3000000:30,3000000-8000000:10]",[0-18446744073709551615:75]
dar,0.17951,,"[0-50000:100,50000-200000:60,200000-1000000:10]",[0-18446744073709551615:10]
dash,30.21,,"[0-100000:100,100000-200000:60,200000-400000:30,400000-1000000:20,1000000-2000000:10]",[0-18446744073709551615:80]
data,0.06081,,"[0-100000:100,100000-200000:60,200000-400000:30,400000-1000000:20,1000000-2000000:10]",[0-18446744073709551615:20]
dcr,20.74,,"[0-50000:100,50000-200000:60,200000-1000000:10]",[0-18446744073709551615:10]
dego,2.335,,"[0-50000:100,50000-200000:60,200000-1000000:10]",[0-18446744073709551615:10]
dent,0.0014,"[0-100000:100, 0-100000:100, 100000-300000:80, 100000-500000:80, 300000-600000:60, 500000-8000000:60, 600000-1000000:50, 1000000-3000000:30, 3000000-5000000:10]","[0-50000:100,50000-200000:60,200000-1000000:10]",[0-18446744073709551615:80]
dexe,12.943,,[0-50000:100],[0-18446744073709551615:10]
dgb,0.01133,,"[0-50000:100,50000-200000:60,200000-1000000:10]",[0-18446744073709551615:10]
dia,0.5429,,[0-50000:100],[0-18446744073709551615:10]
dock,0.03068,,[0-50000:100],[0-18446744073709551615:10]
dodo,0.1832,,"[0-100000:100,100000-200000:60,200000-400000:30,400000-1000000:20,1000000-2000000:10]",[0-18446744073709551615:10]
doge,0.15899,"[0-15000000:100, 15000000-20000000:80, 20000000-25000000:60, 25000000-30000000:50, 30000000-35000000:30, 35000000-80000000:10]","[0-2500000:100,2500000-4000000:90,4000000-5000000:70,5000000-6000000:60,6000000-8000000:50,8000000-10000000:30,10000000-80000000:10]",[0-18446744073709551615:95]
dot,6.984,"[0-6000000:100, 6000000-7000000:80, 7000000-8000000:60, 8000000-9000000:50, 9000000-10000000:30, 10000000-50000000:10]","[0-1000000:100,1000000-2000000:90,2000000-4000000:85,4000000-8000000:50,8000000-15000000:20,15000000-30000000:10]",[0-18446744073709551615:90]
drep,0.01203359487,,"[100000-200000:60,200000-400000:30,400000-1000000:20,1000000-2000000:10,0-100000:100]",[0-18446744073709551615:0]
dusk,0.4499,"[0-500000:100, 500000-1000000:85, 1000000-2000000:65, 2000000-3000000:50, 3000000-6000000:30, 6000000-10000000:10]","[0-100000:100,100000-200000:60,200000-400000:30,400000-1000000:20,1000000-2000000:10]",[0-18446744073709551615:70]
dydx,2,"[0-6000000:100, 6000000-7000000:80, 7000000-8000000:60, 8000000-9000000:50, 9000000-10000000:30, 10000000-50000000:10]","[0-500000:100,500000-1000000:80,1000000-2000000:70,2000000-3000000:30,3000000-8000000:10]",[0-18446744073709551615:80]
edu,0.8509,"[0-1000000:100, 1000000-1500000:90, 1500000-2500000:80, 2500000-4000000:70, 4000000-6000000:60, 6000000-8000000:50, 8000000-10000000:30, 10000000-15000000:10]","[0-100000:100,100000-200000:60,200000-400000:30,400000-1000000:20,1000000-2000000:10]",[0-18446744073709551615:20]
egld,38.86,"[0-1000000:100, 1000000-1500000:90, 1500000-2500000:80, 2500000-4000000:70, 4000000-6000000:60, 6000000-8000000:50, 8000000-10000000:30, 10000000-15000000:10]","[0-100000:100,100000-200000:60,200000-400000:30,400000-1000000:20,1000000-2000000:10]",[0-18446744073709551615:80]
elf,0.51,,[0-50000:100],[0-18446744073709551615:20]
enj,0.3175,"[0-500000:100, 500000-1000000:85, 1000000-2000000:65, 2000000-3000000:50, 3000000-6000000:30, 6000000-10000000:10]","[0-50000:100,50000-200000:60,200000-1000000:10]",[0-18446744073709551615:80]
ens,25.82,"[0-500000:100, 500000-1000000:85, 1000000-2000000:65, 2000000-3000000:50, 3000000-6000000:30, 6000000-10000000:10]","[0-250000:100,250000-500000:60,500000-1000000:30,1000000-3000000:10]",[0-18446744073709551615:80]
eos,0.8139,"[0-3000000:100, 3000000-4000000:90, 4000000-5000000:80, 5000000-6000000:70, 6000000-7000000:60, 7000000-8000000:50, 8000000-10000000:30, 10000000-20000000:10]","[0-500000:100,500000-1000000:80,1000000-2000000:70,2000000-3000000:30,3000000-8000000:10]",[0-18446744073709551615:80]
epx,0.0001957,,[0-50000:100],[0-18446744073709551615:10]
ern,4.354,"[0-100000:100, 0-100000:100, 100000-300000:80, 100000-500000:80, 300000-600000:60, 500000-8000000:60, 600000-1000000:50, 1000000-3000000:30, 3000000-5000000:10]","[0-100000:100,100000-200000:60,200000-400000:30,400000-1000000:20,1000000-2000000:10]",[0-18446744073709551615:10]
etc,29.59,"[0-350000000:100, 350000000-400000000:95, 400000000-450000000:90, 450000000-500000000:80, 500000000-550000000:70, 550000000-600000000:65, 600000000-650000000:60, 650000000-1500000000:50, 1500000000-3000000000:30]","[0-1000000:100,1000000-2000000:90,2000000-4000000:85,4000000-8000000:50,8000000-15000000:20,15000000-30000000:10]",[0-18446744073709551615:80]
eth,3762.25,"[0-750000000:100, 750000000-800000000:95, 800000000-850000000:90, 850000000-900000000:80, 900000000-950000000:70, 950000000-1000000000:65, 1000000000-1050000000:60, 1050000000-1500000000:50, 1500000000-3000000000:30]","[0-40000000:100,40000000-50000000:98,50000000-80000000:95,80000000-120000000:90,120000000-160000000:85,160000000-200000000:80,200000000-300000000:60,300000000-1000000000:30]",[0-18446744073709551615:95]
eur,1.0849,"[0-38000000:100, 38000000-40000000:80, 40000000-45000000:70, 45000000-50000000:60, 50000000-55000000:50, 55000000-60000000:40, 60000000-65000000:30, 65000000-200000000:10]","[0-500000:100,500000-1000000:80,1000000-2000000:70,2000000-3000000:30,3000000-8000000:10]",
farm,68.91,"[0-100000:100, 0-100000:100, 100000-300000:80, 100000-500000:80, 300000-600000:60, 500000-8000000:60, 600000-1000000:50, 1000000-3000000:30, 3000000-5000000:10]","[0-50000:100,50000-200000:60,200000-1000000:10]",[0-18446744073709551615:10]
fdusd,0.9995,"[0-10000000:100, 10000000-11000000:80, 11000000-12000000:60, 12000000-13000000:50, 13000000-14000000:30, 14000000-60000000:10]","[0-50000000:100,50000000-70000000:98,70000000-100000000:95,100000000-150000000:90,150000000-200000000:85,200000000-250000000:80,250000000-300000000:75,300000000-400000000:70,400000000-800000000:60,800000000-1500000000:50,1500000000-2500000000:30]",[0-18446744073709551615:99]
fet,2.138,"[0-6000000:100, 6000000-7000000:80, 7000000-8000000:60, 8000000-9000000:50, 9000000-10000000:30, 10000000-50000000:10]","[0-500000:100,500000-1000000:80,1000000-2000000:70,2000000-3000000:30,3000000-8000000:10]",[0-18446744073709551615:45]
fida,0.2936,,"[0-100000:100,100000-200000:60,200000-400000:30,400000-1000000:20,1000000-2000000:10]",[0-18446744073709551615:10]
fil,5.734,"[0-10000000:100, 10000000-11000000:80, 11000000-12000000:60, 12000000-13000000:50, 13000000-14000000:30, 14000000-60000000:10]","[0-1000000:100,1000000-2000000:90,2000000-4000000:85,4000000-8000000:50,8000000-15000000:20,15000000-30000000:10]",[0-18446744073709551615:75]
fio,0.03352,,"[0-50000:100,50000-200000:60,200000-1000000:10]",[0-18446744073709551615:10]
firo,1.831,,"[0-50000:100,50000-200000:60,200000-1000000:10]",[0-18446744073709551615:0]
fis,0.5073,"[0-100000:100, 0-100000:100, 100000-300000:80, 100000-500000:80, 300000-600000:60, 500000-8000000:60, 600000-1000000:50, 1000000-3000000:30, 3000000-5000000:10]","[0-50000:100,50000-200000:60,200000-1000000:10]",[0-18446744073709551615:10]
flm,0.1004,"[0-100000:100, 0-100000:100, 100000-300000:80, 100000-500000:80, 300000-600000:60, 500000-8000000:60, 600000-1000000:50, 1000000-3000000:30, 3000000-5000000:10]","[0-50000:100,50000-200000:60,200000-1000000:10]",[0-18446744073709551615:0]
flow,0.873,"[0-500000:100, 500000-1000000:85, 1000000-2000000:65, 2000000-3000000:50, 3000000-6000000:30, 6000000-10000000:10]","[0-250000:100,250000-500000:60,500000-1000000:30,1000000-3000000:10]",[0-18446744073709551615:80]
flux,0.9448,"[0-100000:100, 0-100000:100, 100000-300000:80, 100000-500000:80, 300000-600000:60, 500000-8000000:60, 600000-1000000:50, 1000000-3000000:30, 3000000-5000000:10]","[0-50000:100,50000-200000:60,200000-1000000:10]",[0-18446744073709551615:70]
for,0.01939,,"[0-50000:100,50000-200000:60,200000-1000000:10]",[0-18446744073709551615:10]
forth,4.401,"[0-100000:100, 0-100000:100, 100000-300000:80, 100000-500000:80, 300000-600000:60, 500000-8000000:60, 600000-1000000:50, 1000000-3000000:30, 3000000-5000000:10]","[0-50000:100,50000-200000:60,200000-1000000:10]",[0-18446744073709551615:10]
front,1.3715,,[0-50000:100],[0-18446744073709551615:10]
ftm,0.7927,"[0-6000000:100, 6000000-7000000:80, 7000000-8000000:60, 8000000-9000000:50, 9000000-10000000:30, 10000000-50000000:10]","[0-500000:100,500000-1000000:80,1000000-2000000:70,2000000-3000000:30,3000000-8000000:10]",[0-18446744073709551615:80]
fun,0.00505,,[0-50000:100],[0-18446744073709551615:15]
fxs,4.702,"[0-500000:100, 500000-1000000:85, 1000000-2000000:65, 2000000-3000000:50, 3000000-6000000:30, 6000000-10000000:10]","[0-100000:100,100000-200000:60,200000-400000:30,400000-1000000:20,1000000-2000000:10]",[0-18446744073709551615:20]
gal,3.671,"[0-500000:100, 500000-1000000:85, 1000000-2000000:65, 2000000-3000000:50, 3000000-6000000:30, 6000000-10000000:10]","[0-100000:100,100000-200000:60,200000-400000:30,400000-1000000:20,1000000-2000000:10]",[0-18446744073709551615:70]
gala,0.0435,"[0-15000000:100, 15000000-20000000:80, 20000000-25000000:60, 25000000-30000000:50, 30000000-35000000:30, 35000000-80000000:10]","[0-500000:100,500000-1000000:80,1000000-2000000:70,2000000-3000000:30,3000000-8000000:10]",[0-18446744073709551615:60]
gas,4.984,"[0-1000000:100, 1000000-1500000:90, 1500000-2500000:80, 2500000-4000000:70, 4000000-6000000:60, 6000000-8000000:50, 8000000-10000000:30, 10000000-15000000:10]",[0-50000:100],[0-18446744073709551615:30]
glm,0.5063,"[0-100000:100, 0-100000:100, 100000-300000:80, 100000-500000:80, 300000-600000:60, 500000-8000000:60, 600000-1000000:50, 1000000-3000000:30, 3000000-5000000:10]","[0-50000:100,50000-200000:60,200000-1000000:10]",[0-18446744073709551615:10]
glmr,0.3032,"[0-500000:100, 500000-1000000:85, 1000000-2000000:65, 2000000-3000000:50, 3000000-6000000:30, 6000000-10000000:10]","[0-100000:100,100000-200000:60,200000-400000:30,400000-1000000:20,1000000-2000000:10]",[0-18446744073709551615:10]
gmt,0.2333,"[0-3000000:100, 3000000-4000000:90, 4000000-5000000:80, 5000000-6000000:70, 6000000-7000000:60, 7000000-8000000:50, 8000000-10000000:30, 10000000-20000000:10]","[0-100000:100,100000-200000:60,200000-400000:30,400000-1000000:20,1000000-2000000:10]",[0-18446744073709551615:60]
gmx,37.75,"[0-500000:100, 500000-1000000:85, 1000000-2000000:65, 2000000-3000000:50, 3000000-6000000:30, 6000000-10000000:10]","[0-100000:100,100000-200000:60,200000-400000:30,400000-1000000:20,1000000-2000000:10]",[0-18446744073709551615:10]
gno,339.3,,"[0-50000:100,50000-200000:60,200000-1000000:10]",[0-18446744073709551615:10]
grt,0.2981,"[0-3000000:100, 3000000-4000000:90, 4000000-5000000:80, 5000000-6000000:70, 6000000-7000000:60, 7000000-8000000:50, 8000000-10000000:30, 10000000-20000000:10]","[0-100000:100,100000-200000:60,200000-400000:30,400000-1000000:20,1000000-2000000:10]",[0-18446744073709551615:80]
gtc,1.393,,"[0-100000:100,100000-200000:60,200000-400000:30,400000-1000000:20,1000000-2000000:10]",[0-18446744073709551615:50]
hard,0.1869,,[0-50000:100],[0-18446744073709551615:10]
hbar,0.1001,"[0-1000000:100, 1000000-1500000:90, 1500000-2500000:80, 2500000-4000000:70, 4000000-6000000:60, 6000000-8000000:50, 8000000-10000000:30, 10000000-15000000:10]","[0-500000:100,500000-1000000:80,1000000-2000000:70,2000000-3000000:30,3000000-8000000:10]",[0-18446744073709551615:80]
hft,0.2942,"[0-1000000:100, 1000000-1500000:90, 1500000-2500000:80, 2500000-4000000:70, 4000000-6000000:60, 6000000-8000000:50, 8000000-10000000:30, 10000000-15000000:10]","[0-100000:100,100000-200000:60,200000-400000:30,400000-1000000:20,1000000-2000000:10]",[0-18446744073709551615:50]
hifi,0.8062,"[0-500000:100, 500000-1000000:85, 1000000-2000000:65, 2000000-3000000:50, 3000000-6000000:30, 6000000-10000000:10]","[0-100000:100,100000-200000:60,200000-400000:30,400000-1000000:20,1000000-2000000:10]",[0-18446744073709551615:10]
high,7.067,"[0-500000:100, 500000-1000000:85, 1000000-2000000:65, 2000000-3000000:50, 3000000-6000000:30, 6000000-10000000:10]","[0-100000:100,100000-200000:60,200000-400000:30,400000-1000000:20,1000000-2000000:10]",[0-18446744073709551615:30]
hive,0.3017,,[0-50000:100],[0-18446744073709551615:20]
hnt,3.965966861,,"[0-50000:100,50000-200000:60,200000-1000000:10]",[0-18446744073709551615:80]
hook,0.8924,"[0-3000000:100, 3000000-4000000:90, 4000000-5000000:80, 5000000-6000000:70, 6000000-7000000:60, 7000000-8000000:50, 8000000-10000000:30, 10000000-20000000:10]","[0-100000:100,100000-200000:60,200000-400000:30,400000-1000000:20,1000000-2000000:10]",[0-18446744073709551615:10]
hot,0.002411,,"[0-100000:100,100000-200000:60,200000-400000:30,400000-1000000:20,1000000-2000000:10]",[0-18446744073709551615:70]
icp,11.853,"[0-1000000:100, 1000000-1500000:90, 1500000-2500000:80, 2500000-4000000:70, 4000000-6000000:60, 6000000-8000000:50, 8000000-10000000:30, 10000000-15000000:10]","[0-250000:100,250000-500000:60,500000-1000000:30,1000000-3000000:10]",[0-18446744073709551615:80]
icx,0.219,"[0-100000:100, 0-100000:100, 100000-300000:80, 100000-500000:80, 300000-600000:60, 500000-8000000:60, 600000-1000000:50, 1000000-3000000:30, 3000000-5000000:10]","[0-50000:100,50000-200000:60,200000-1000000:10]",[0-18446744073709551615:80]
id,0.7114,"[0-15000000:100, 15000000-20000000:80, 20000000-25000000:60, 25000000-30000000:50, 30000000-35000000:30, 35000000-80000000:10]","[0-100000:100,100000-200000:60,200000-400000:30,400000-1000000:20,1000000-2000000:10]",[0-18446744073709551615:30]
idex,0.05946,"[0-500000:100, 500000-1000000:85, 1000000-2000000:65, 2000000-3000000:50, 3000000-6000000:30, 6000000-10000000:10]","[0-50000:100,50000-200000:60,200000-1000000:10]",[0-18446744073709551615:10]
ilv,85.27,"[0-100000:100, 0-100000:100, 100000-300000:80, 100000-500000:80, 300000-600000:60, 500000-8000000:60, 600000-1000000:50, 1000000-3000000:30, 3000000-5000000:10]","[0-100000:100,100000-200000:60,200000-400000:30,400000-1000000:20,1000000-2000000:10]",[0-18446744073709551615:10]
imx,2.1712,"[0-500000:100, 500000-1000000:85, 1000000-2000000:65, 2000000-3000000:50, 3000000-6000000:30, 6000000-10000000:10]","[0-100000:100,100000-200000:60,200000-400000:30,400000-1000000:20,1000000-2000000:10]",[0-18446744073709551615:35]
inj,24.42,"[0-1000000:100, 1000000-1500000:90, 1500000-2500000:80, 2500000-4000000:70, 4000000-6000000:60, 6000000-8000000:50, 8000000-10000000:30, 10000000-15000000:10]","[0-500000:100,500000-1000000:80,1000000-2000000:70,2000000-3000000:30,3000000-8000000:10]",[0-18446744073709551615:60]
iost,0.00868,,"[0-100000:100,100000-200000:60,200000-400000:30,400000-1000000:20,1000000-2000000:10]",[0-18446744073709551615:20]
iota,0.2178,"[0-1000000:100, 1000000-1500000:90, 1500000-2500000:80, 2500000-4000000:70, 4000000-6000000:60, 6000000-8000000:50, 8000000-10000000:30, 10000000-15000000:10]","[0-100000:100,100000-200000:60,200000-400000:30,400000-1000000:20,1000000-2000000:10]",[0-18446744073709551615:70]
iotx,0.05753,,"[0-100000:100,100000-200000:60,200000-400000:30,400000-1000000:20,1000000-2000000:10]",[0-18446744073709551615:80]
iq,0.00925,,"[0-50000:100,50000-200000:60,200000-1000000:10]",[0-18446744073709551615:10]
iris,0.02667,,"[0-50000:100,50000-200000:60,200000-1000000:10]",[0-18446744073709551615:10]
jasmy,0.033667,"[0-100000:100, 0-100000:100, 100000-300000:80, 100000-500000:80, 300000-600000:60, 500000-8000000:60, 600000-1000000:50, 1000000-3000000:30, 3000000-5000000:10]","[0-100000:100,100000-200000:60,200000-400000:30,400000-1000000:20,1000000-2000000:10]",[0-18446744073709551615:35]
joe,0.4685,"[0-100000:100, 0-100000:100, 100000-300000:80, 100000-500000:80, 300000-600000:60, 500000-8000000:60, 600000-1000000:50, 1000000-3000000:30, 3000000-5000000:10]",[0-50000:100],[0-18446744073709551615:10]
jst,0.03033,,"[0-50000:100,50000-200000:60,200000-1000000:10]",[0-18446744073709551615:10]
kava,0.653,,"[0-100000:100,100000-200000:60,200000-400000:30,400000-1000000:20,1000000-2000000:10]",[0-18446744073709551615:70]
kda,0.815,,"[0-100000:100,100000-200000:60,200000-400000:30,400000-1000000:20,1000000-2000000:10]",[0-18446744073709551615:50]
key,0.008019,,[0-50000:100],[0-18446744073709551615:10]
klay,0.2057,"[0-100000:100, 0-100000:100, 100000-300000:80, 100000-500000:80, 300000-600000:60, 500000-8000000:60, 600000-1000000:50, 1000000-3000000:30, 3000000-5000000:10]","[0-100000:100,100000-200000:60,200000-400000:30,400000-1000000:20,1000000-2000000:10]",[0-18446744073709551615:80]
kmd,0.41,,"[0-50000:100,50000-200000:60,200000-1000000:10]",[0-18446744073709551615:10]
knc,0.651,,"[0-100000:100,100000-200000:60,200000-400000:30,400000-1000000:20,1000000-2000000:10]",[0-18446744073709551615:70]
kp3r,76.44,,"[0-50000:100,50000-200000:60,200000-1000000:10]",[0-18446744073709551615:10]
ksm,30.36,"[0-100000:100, 0-100000:100, 100000-300000:80, 100000-500000:80, 300000-600000:60, 500000-8000000:60, 600000-1000000:50, 1000000-3000000:30, 3000000-5000000:10]","[0-100000:100,100000-200000:60,200000-400000:30,400000-1000000:20,1000000-2000000:10]",[0-18446744073709551615:80]
lazio,2.776,,"[0-100000:100,100000-200000:60,200000-400000:30,400000-1000000:20,1000000-2000000:10]",[0-18446744073709551615:10]
ldo,2.528,"[0-3000000:100, 3000000-4000000:90, 4000000-5000000:80, 5000000-6000000:70, 6000000-7000000:60, 7000000-8000000:50, 8000000-10000000:30, 10000000-20000000:10]","[0-250000:100,250000-500000:60,500000-1000000:30,1000000-3000000:10]",[0-18446744073709551615:35]
lever,0.003632,"[0-3000000:100, 3000000-4000000:90, 4000000-5000000:80, 5000000-6000000:70, 6000000-7000000:60, 7000000-8000000:50, 8000000-10000000:30, 10000000-20000000:10]","[0-100000:100,100000-200000:60,200000-400000:30,400000-1000000:20,1000000-2000000:10]",[0-18446744073709551615:10]
lina,0.008679,"[0-3000000:100, 3000000-4000000:90, 4000000-5000000:80, 5000000-6000000:70, 6000000-7000000:60, 7000000-8000000:50, 8000000-10000000:30, 10000000-20000000:10]","[0-50000:100,50000-200000:60,200000-1000000:10]",[0-18446744073709551615:50]
link,18.414,"[0-15000000:100, 15000000-20000000:80, 20000000-25000000:60, 25000000-30000000:50, 30000000-35000000:30, 35000000-80000000:10]","[0-2500000:100,2500000-4000000:90,4000000-5000000:70,5000000-6000000:60,6000000-8000000:50,8000000-10000000:30,10000000-80000000:10]",[0-18446744073709551615:90]
lit,1.155,"[0-100000:100, 0-100000:100, 100000-300000:80, 100000-500000:80, 300000-600000:60, 500000-8000000:60, 600000-1000000:50, 1000000-3000000:30, 3000000-5000000:10]","[0-100000:100,100000-200000:60,200000-400000:30,400000-1000000:20,1000000-2000000:10]",[0-18446744073709551615:20]
loka,0.2625,"[0-100000:100, 0-100000:100, 100000-300000:80, 100000-500000:80, 300000-600000:60, 500000-8000000:60, 600000-1000000:50, 1000000-3000000:30, 3000000-5000000:10]",[0-50000:100],[0-18446744073709551615:10]
loom,0.08218,"[0-6000000:100, 6000000-7000000:80, 7000000-8000000:60, 8000000-9000000:50, 9000000-10000000:30, 10000000-50000000:10]","[0-50000:100,50000-200000:60,200000-1000000:10]",[0-18446744073709551615:20]
lpt,22.75,"[0-100000:100, 0-100000:100, 100000-300000:80, 100000-500000:80, 300000-600000:60, 500000-8000000:60, 600000-1000000:50, 1000000-3000000:30, 3000000-5000000:10]","[0-100000:100,100000-200000:60,200000-400000:30,400000-1000000:20,1000000-2000000:10]",[0-18446744073709551615:20]
lqty,1.146,"[0-500000:100, 500000-1000000:85, 1000000-2000000:65, 2000000-3000000:50, 3000000-6000000:30, 6000000-10000000:10]","[0-100000:100,100000-200000:60,200000-400000:30,400000-1000000:20,1000000-2000000:10]",[0-18446744073709551615:30]
lrc,0.2718,,"[0-100000:100,100000-200000:60,200000-400000:30,400000-1000000:20,1000000-2000000:10]",[0-18446744073709551615:80]
lsk,1.518,"[0-500000:100, 500000-1000000:85, 1000000-2000000:65, 2000000-3000000:50, 3000000-6000000:30, 6000000-10000000:10]","[0-50000:100,50000-200000:60,200000-1000000:10]",[0-18446744073709551615:10]
ltc,83.21,"[0-10000000:100, 10000000-11000000:80, 11000000-12000000:60, 12000000-13000000:50, 13000000-14000000:30, 14000000-60000000:10]","[0-2500000:100,2500000-4000000:90,4000000-5000000:70,5000000-6000000:60,6000000-8000000:50,8000000-10000000:30,10000000-80000000:10]",[0-18446744073709551615:90]
lto,0.2196,,"[0-100000:100,100000-200000:60,200000-400000:30,400000-1000000:20,1000000-2000000:10]",[0-18446744073709551615:10]
luna,0.6668,"[0-3000000:100, 3000000-4000000:90, 4000000-5000000:80, 5000000-6000000:70, 6000000-7000000:60, 7000000-8000000:50, 8000000-10000000:30, 10000000-20000000:10]","[0-250000:100,250000-500000:60,500000-1000000:30,1000000-3000000:10]",[0-18446744073709551615:35]
lunc,0.00011911,"[0-3000000:100, 3000000-4000000:90, 4000000-5000000:80, 5000000-6000000:70, 6000000-7000000:60, 7000000-8000000:50, 8000000-10000000:30, 10000000-20000000:10]","[0-100000:100,100000-200000:60,200000-400000:30,400000-1000000:20,1000000-2000000:10]",[0-18446744073709551615:50]
magic,0.8353,"[0-3000000:100, 3000000-4000000:90, 4000000-5000000:80, 5000000-6000000:70, 6000000-7000000:60, 7000000-8000000:50, 8000000-10000000:30, 10000000-20000000:10]","[0-100000:100,100000-200000:60,200000-400000:30,400000-1000000:20,1000000-2000000:10]",[0-18446744073709551615:30]
mana,0.4445,"[0-6000000:100, 6000000-7000000:80, 7000000-8000000:60, 8000000-9000000:50, 9000000-10000000:30, 10000000-50000000:10]","[0-250000:100,250000-500000:60,500000-1000000:30,1000000-3000000:10]",[0-18446744073709551615:85]
mask,3.428,"[0-10000000:100, 10000000-11000000:80, 11000000-12000000:60, 12000000-13000000:50, 13000000-14000000:30, 14000000-60000000:10]","[0-500000:100,500000-1000000:80,1000000-2000000:70,2000000-3000000:30,3000000-8000000:10]",[0-18446744073709551615:60]
matic,0.6943,"[0-6000000:100, 6000000-7000000:80, 7000000-8000000:60, 8000000-9000000:50, 9000000-10000000:30, 10000000-50000000:10]","[0-2500000:100,2500000-4000000:90,4000000-5000000:70,5000000-6000000:60,6000000-8000000:50,8000000-10000000:30,10000000-80000000:10]",[0-18446744073709551615:85]
mbl,0.00425,,[0-50000:100],[0-18446744073709551615:10]
mbox,0.3349,,"[0-100000:100,100000-200000:60,200000-400000:30,400000-1000000:20,1000000-2000000:10]",[0-18446744073709551615:20]
mc,2.986965585,,"[0-50000:100,50000-200000:60,200000-1000000:10]",[0-18446744073709551615:0]
mdt,0.06886,"[0-100000:100, 0-100000:100, 100000-300000:80, 100000-500000:80, 300000-600000:60, 500000-8000000:60, 600000-1000000:50, 1000000-3000000:30, 3000000-5000000:10]","[0-100000:100,100000-200000:60,200000-400000:30,400000-1000000:20,1000000-2000000:10]",[0-18446744073709551615:10]
mdx,0.06155,,"[0-50000:100,50000-200000:60,200000-1000000:10]",[0-18446744073709551615:10]
mina,0.852,"[500000-1000000:85, 1000000-2000000:65, 2000000-3000000:50, 3000000-6000000:30, 6000000-10000000:10, 0-500000:100]","[0-50000:100,50000-200000:60,200000-1000000:10]",[0-18446744073709551615:30]
mkr,2706,"[0-6000000:100, 6000000-7000000:80, 7000000-8000000:60, 8000000-9000000:50, 9000000-10000000:30, 10000000-50000000:10]","[0-250000:100,250000-500000:60,500000-1000000:30,1000000-3000000:10]",[0-18446744073709551615:30]
mln,21.66,,"[0-50000:100,50000-200000:60,200000-1000000:10]",[0-18446744073709551615:10]
mob,0.09422624342,,"[0-50000:100,50000-200000:60,200000-1000000:10]",[0-18446744073709551615:0]
movr,14.765,"[0-1000000:100, 1000000-1500000:90, 1500000-2500000:80, 2500000-4000000:70, 4000000-6000000:60, 6000000-8000000:50, 8000000-10000000:30, 10000000-15000000:10]","[0-100000:100,100000-200000:60,200000-400000:30,400000-1000000:20,1000000-2000000:10]",[0-18446744073709551615:30]
mtl,1.765,"[0-100000:100, 0-100000:100, 100000-300000:80, 100000-500000:80, 300000-600000:60, 500000-8000000:60, 600000-1000000:50, 1000000-3000000:30, 3000000-5000000:10]","[0-100000:100,100000-200000:60,200000-400000:30,400000-1000000:20,1000000-2000000:10]",[0-18446744073709551615:20]
near,7.246,"[0-10000000:100, 10000000-11000000:80, 11000000-12000000:60, 12000000-13000000:50, 13000000-14000000:30, 14000000-60000000:10]","[0-500000:100,500000-1000000:80,1000000-2000000:70,2000000-3000000:30,3000000-8000000:10]",[0-18446744073709551615:45]
nebl,0.009583433503,,[0-50000:100],[0-18446744073709551615:0]
neo,14.59,"[0-1000000:100, 1000000-1500000:90, 1500000-2500000:80, 2500000-4000000:70, 4000000-6000000:60, 6000000-8000000:50, 8000000-10000000:30, 10000000-15000000:10]","[0-100000:100,100000-200000:60,200000-400000:30,400000-1000000:20,1000000-2000000:10]",[0-18446744073709551615:80]
nexo,1.446,,"[0-50000:100,50000-200000:60,200000-1000000:10]",[0-18446744073709551615:10]
nkn,0.1223,,"[0-50000:100,50000-200000:60,200000-1000000:10]",[0-18446744073709551615:10]
nmr,27.68,"[0-100000:100, 0-100000:100, 100000-300000:80, 100000-500000:80, 300000-600000:60, 500000-8000000:60, 600000-1000000:50, 1000000-3000000:30, 3000000-5000000:10]","[0-100000:100,100000-200000:60,200000-400000:30,400000-1000000:20,1000000-2000000:10]",[0-18446744073709551615:10]
nuls,0.6001,,[0-50000:100],[0-18446744073709551615:10]
ocean,0.9017,"[0-500000:100, 500000-1000000:85, 1000000-2000000:65, 2000000-3000000:50, 3000000-6000000:30, 6000000-10000000:10]","[0-100000:100,100000-200000:60,200000-400000:30,400000-1000000:20,1000000-2000000:10]",[0-18446744073709551615:50]
og,4.524,"[0-100000:100, 0-100000:100, 100000-300000:80, 100000-500000:80, 300000-600000:60, 500000-8000000:60, 600000-1000000:50, 1000000-3000000:30, 3000000-5000000:10]","[0-100000:100,100000-200000:60,200000-400000:30,400000-1000000:20,1000000-2000000:10]",[0-18446744073709551615:10]
ogn,0.1559,,"[0-50000:100,50000-200000:60,200000-1000000:10]",[0-18446744073709551615:10]
om,0.7313,"[0-500000:100, 500000-1000000:85, 1000000-2000000:65, 2000000-3000000:50, 3000000-6000000:30, 6000000-10000000:10]","[0-100000:100,100000-200000:60,200000-400000:30,400000-1000000:20,1000000-2000000:10]",[0-18446744073709551615:35]
omg,0.716,,"[0-50000:100,50000-200000:60,200000-1000000:10]",[0-18446744073709551615:10]
one,0.02172,"[0-3000000:100, 3000000-4000000:90, 4000000-5000000:80, 5000000-6000000:70, 6000000-7000000:60, 7000000-8000000:50, 8000000-10000000:30, 10000000-20000000:10]","[0-100000:100,100000-200000:60,200000-400000:30,400000-1000000:20,1000000-2000000:10]",[0-18446744073709551615:80]
ong,0.4319,,"[0-50000:100,50000-200000:60,200000-1000000:10]",[0-18446744073709551615:10]
ont,0.2936,"[0-100000:100, 0-100000:100, 100000-300000:80, 100000-500000:80, 300000-600000:60, 500000-8000000:60, 600000-1000000:50, 1000000-3000000:30, 3000000-5000000:10]","[0-100000:100,100000-200000:60,200000-400000:30,400000-1000000:20,1000000-2000000:10]",[0-18446744073709551615:20]
ooki,0.002411,"[0-100000:100, 0-100000:100, 100000-300000:80, 100000-500000:80, 300000-600000:60, 500000-8000000:60, 600000-1000000:50, 1000000-3000000:30, 3000000-5000000:10]","[0-50000:100,50000-200000:60,200000-1000000:10]",[0-18446744073709551615:10]
op,2.455,"[0-10000000:100, 10000000-11000000:80, 11000000-12000000:60, 12000000-13000000:50, 13000000-14000000:30, 14000000-60000000:10]","[0-1000000:100,1000000-2000000:90,2000000-4000000:85,4000000-8000000:50,8000000-15000000:20,15000000-30000000:10]",[0-18446744073709551615:75]
orn,1.5316,,"[0-100000:100,100000-200000:60,200000-400000:30,400000-1000000:20,1000000-2000000:10]",[0-18446744073709551615:10]
osmo,0.8407,"[0-100000:100, 0-100000:100, 100000-300000:80, 100000-500000:80, 300000-600000:60, 500000-8000000:60, 600000-1000000:50, 1000000-3000000:30, 3000000-5000000:10]","[0-50000:100,50000-200000:60,200000-1000000:10]",[0-18446744073709551615:30]
oxt,0.107,"[0-100000:100, 0-100000:100, 100000-300000:80, 100000-500000:80, 300000-600000:60, 500000-8000000:60, 600000-1000000:50, 1000000-3000000:30, 3000000-5000000:10]","[0-50000:100,50000-200000:60,200000-1000000:10]",[0-18446744073709551615:20]
paxg,2332,"[0-3000000:100, 3000000-4000000:90, 4000000-5000000:80, 5000000-6000000:70, 6000000-7000000:60, 7000000-8000000:50, 8000000-10000000:30, 10000000-20000000:10]","[0-250000:100,250000-500000:60,500000-1000000:30,1000000-3000000:10]",[0-18446744073709551615:90]
people,0.08525,"[0-500000:100, 500000-1000000:85, 1000000-2000000:65, 2000000-3000000:50, 3000000-6000000:30, 6000000-10000000:10]","[0-250000:100,250000-500000:60,500000-1000000:30,1000000-3000000:10]",[0-18446744073709551615:70]
pepe,0.00001541,"[0-1000000:100, 1000000-1500000:90, 1500000-2500000:80, 2500000-4000000:70, 4000000-6000000:60, 6000000-8000000:50, 8000000-10000000:30, 10000000-15000000:10]","[0-50000:100,50000-200000:60,200000-1000000:10]",[0-18446744073709551615:45]
perp,1.129,"[0-500000:100, 500000-1000000:85, 1000000-2000000:65, 2000000-3000000:50, 3000000-6000000:30, 6000000-10000000:10]","[0-50000:100,50000-200000:60,200000-1000000:10]",[0-18446744073709551615:10]
pha,0.1906,,"[0-100000:100,100000-200000:60,200000-400000:30,400000-1000000:20,1000000-2000000:10]",[0-18446744073709551615:10]
phb,2.6916,"[0-100000:100, 0-100000:100, 100000-300000:80, 100000-500000:80, 300000-600000:60, 500000-8000000:60, 600000-1000000:50, 1000000-3000000:30, 3000000-5000000:10]","[0-100000:100,100000-200000:60,200000-400000:30,400000-1000000:20,1000000-2000000:10]",[0-18446744073709551615:30]
pla,0.08118913919,"[0-100000:100, 0-100000:100, 100000-300000:80, 100000-500000:80, 300000-600000:60, 500000-8000000:60, 600000-1000000:50, 1000000-3000000:30, 3000000-5000000:10]",[0-50000:100],[0-18446744073709551615:0]
pnt,0.01141178213,,"[0-50000:100,50000-200000:60,200000-1000000:10]",[0-18446744073709551615:0]
pols,0.7009,"[0-100000:100, 0-100000:100, 100000-300000:80, 100000-500000:80, 300000-600000:60, 500000-8000000:60, 600000-1000000:50, 1000000-3000000:30, 3000000-5000000:10]","[0-50000:100,50000-200000:60,200000-1000000:10]",[0-18446744073709551615:10]
polyx,0.411,"[0-1000000:100, 1000000-1500000:90, 1500000-2500000:80, 2500000-4000000:70, 4000000-6000000:60, 6000000-8000000:50, 8000000-10000000:30, 10000000-15000000:10]","[0-100000:100,100000-200000:60,200000-400000:30,400000-1000000:20,1000000-2000000:10]",[0-18446744073709551615:10]
pond,0.02483,"[0-100000:100, 0-100000:100, 100000-300000:80, 100000-500000:80, 300000-600000:60, 500000-8000000:60, 600000-1000000:50, 1000000-3000000:30, 3000000-5000000:10]","[0-100000:100,100000-200000:60,200000-400000:30,400000-1000000:20,1000000-2000000:10]",[0-18446744073709551615:10]
porto,2.92,,"[0-50000:100,50000-200000:60,200000-1000000:10]",[0-18446744073709551615:10]
powr,0.2999,"[0-100000:100, 0-100000:100, 100000-300000:80, 100000-500000:80, 300000-600000:60, 500000-8000000:60, 600000-1000000:50, 1000000-3000000:30, 3000000-5000000:10]","[0-50000:100,50000-200000:60,200000-1000000:10]",[0-18446744073709551615:10]
prom,11.047,,"[0-50000:100,50000-200000:60,200000-1000000:10]",[0-18446744073709551615:10]
pros,0.392,,"[0-50000:100,50000-200000:60,200000-1000000:10]",[0-18446744073709551615:15]
psg,3.753,,"[0-50000:100,50000-200000:60,200000-1000000:10]",[0-18446744073709551615:10]
pundix,0.5688,,[0-50000:100],[0-18446744073709551615:10]
pyr,4.425,"[0-500000:100, 500000-1000000:85, 1000000-2000000:65, 2000000-3000000:50, 3000000-6000000:30, 6000000-10000000:10]","[0-100000:100,100000-200000:60,200000-400000:30,400000-1000000:20,1000000-2000000:10]",[0-18446744073709551615:70]
qi,0.01996,"[0-100000:100, 0-100000:100, 100000-300000:80, 100000-500000:80, 300000-600000:60, 500000-8000000:60, 600000-1000000:50, 1000000-3000000:30, 3000000-5000000:10]",[0-50000:100],[0-18446744073709551615:10]
qnt,90.6,"[0-1000000:100, 1000000-1500000:90, 1500000-2500000:80, 2500000-4000000:70, 4000000-6000000:60, 6000000-8000000:50, 8000000-10000000:30, 10000000-15000000:10]","[0-100000:100,100000-200000:60,200000-400000:30,400000-1000000:20,1000000-2000000:10]",[0-18446744073709551615:80]
qtum,3.497,,"[0-50000:100,50000-200000:60,200000-1000000:10]",[0-18446744073709551615:20]
quick,0.05448,"[0-100000:100, 0-100000:100, 100000-300000:80, 100000-500000:80, 300000-600000:60, 500000-8000000:60, 600000-1000000:50, 1000000-3000000:30, 3000000-5000000:10]",[0-50000:100],[0-18446744073709551615:10]
rad,1.807,"[0-500000:100, 500000-1000000:85, 1000000-2000000:65, 2000000-3000000:50, 3000000-6000000:30, 6000000-10000000:10]","[0-100000:100,100000-200000:60,200000-400000:30,400000-1000000:20,1000000-2000000:10]",[0-18446744073709551615:20]
rare,0.1204,"[0-100000:100, 0-100000:100, 100000-300000:80, 100000-500000:80, 300000-600000:60, 500000-8000000:60, 600000-1000000:50, 1000000-3000000:30, 3000000-5000000:10]","[0-50000:100,50000-200000:60,200000-1000000:10]",[0-18446744073709551615:10]
rdnt,0.2033,"[0-1000000:100, 1000000-1500000:90, 1500000-2500000:80, 2500000-4000000:70, 4000000-6000000:60, 6000000-8000000:50, 8000000-10000000:30, 10000000-15000000:10]","[0-100000:100,100000-200000:60,200000-400000:30,400000-1000000:20,1000000-2000000:10]",[0-18446744073709551615:40]
reef,0.00216,,"[0-50000:100,50000-200000:60,200000-1000000:10]",[0-18446744073709551615:70]
rei,0.07531,,"[0-50000:100,50000-200000:60,200000-1000000:10]",[0-18446744073709551615:10]
ren,0.06872,,"[0-50000:100,50000-200000:60,200000-1000000:10]",[0-18446744073709551615:10]
req,0.1405,"[0-100000:100, 0-100000:100, 100000-300000:80, 100000-500000:80, 300000-600000:60, 500000-8000000:60, 600000-1000000:50, 1000000-3000000:30, 3000000-5000000:10]","[0-50000:100,50000-200000:60,200000-1000000:10]",[0-18446744073709551615:10]
rlc,3.407,,"[0-100000:100,100000-200000:60,200000-400000:30,400000-1000000:20,1000000-2000000:10]",[0-18446744073709551615:30]
rndr,10.125,"[0-6000000:100, 6000000-7000000:80, 7000000-8000000:60, 8000000-9000000:50, 9000000-10000000:30, 10000000-50000000:10]","[0-500000:100,500000-1000000:80,1000000-2000000:70,2000000-3000000:30,3000000-8000000:10]",[0-18446744073709551615:60]
rose,0.1022,"[0-1000000:100, 1000000-1500000:90, 1500000-2500000:80, 2500000-4000000:70, 4000000-6000000:60, 6000000-8000000:50, 8000000-10000000:30, 10000000-15000000:10]","[0-250000:100,250000-500000:60,500000-1000000:30,1000000-3000000:10]",[0-18446744073709551615:70]
rpl,21.92,,"[0-50000:100,50000-200000:60,200000-1000000:10]",[0-18446744073709551615:10]
rsr,0.007897,"[0-100000:100, 0-100000:100, 100000-300000:80, 100000-500000:80, 300000-600000:60, 500000-8000000:60, 600000-1000000:50, 1000000-3000000:30, 3000000-5000000:10]","[0-50000:100,50000-200000:60,200000-1000000:10]",[0-18446744073709551615:10]
rune,6.077,"[0-500000:100, 500000-1000000:85, 1000000-2000000:65, 2000000-3000000:50, 3000000-6000000:30, 6000000-10000000:10]","[0-500000:100,500000-1000000:80,1000000-2000000:70,2000000-3000000:30,3000000-8000000:10]",[0-18446744073709551615:80]
rvn,0.02829,,"[0-100000:100,100000-200000:60,200000-400000:30,400000-1000000:20,1000000-2000000:10]",[0-18446744073709551615:70]
sand,0.4321,"[0-10000000:100, 10000000-11000000:80, 11000000-12000000:60, 12000000-13000000:50, 13000000-14000000:30, 14000000-60000000:10]","[0-250000:100,250000-500000:60,500000-1000000:30,1000000-3000000:10]",[0-18446744073709551615:80]
santos,6.747,"[0-100000:100, 0-100000:100, 100000-300000:80, 100000-500000:80, 300000-600000:60, 500000-8000000:60, 600000-1000000:50, 1000000-3000000:30, 3000000-5000000:10]","[0-100000:100,100000-200000:60,200000-400000:30,400000-1000000:20,1000000-2000000:10]",[0-18446744073709551615:10]
sc,0.006819,,"[0-100000:100,100000-200000:60,200000-400000:30,400000-1000000:20,1000000-2000000:10]",[0-18446744073709551615:35]
sfp,0.8092,,"[0-50000:100,50000-200000:60,200000-1000000:10]",[0-18446744073709551615:50]
shib,0.00002542,"[0-38000000:100, 38000000-40000000:80, 40000000-45000000:70, 45000000-50000000:60, 50000000-55000000:50, 55000000-60000000:40, 60000000-65000000:30, 65000000-200000000:10]",[0-50000:100],[0-18446744073709551615:85]
skl,0.07994,"[0-500000:100, 500000-1000000:85, 1000000-2000000:65, 2000000-3000000:50, 3000000-6000000:30, 6000000-10000000:10]","[0-100000:100,100000-200000:60,200000-400000:30,400000-1000000:20,1000000-2000000:10]",[0-18446744073709551615:70]
slp,0.003857,"[0-500000:100, 500000-1000000:85, 1000000-2000000:65, 2000000-3000000:50, 3000000-6000000:30, 6000000-10000000:10]","[0-100000:100,100000-200000:60,200000-400000:30,400000-1000000:20,1000000-2000000:10]",[0-18446744073709551615:30]
snm,0.001006916676,,"[0-100000:100,100000-200000:60,200000-400000:30,400000-1000000:20,1000000-2000000:10]",[0-18446744073709551615:0]
snx,2.84,"[0-500000:100, 500000-1000000:85, 1000000-2000000:65, 2000000-3000000:50, 3000000-6000000:30, 6000000-10000000:10]","[0-100000:100,100000-200000:60,200000-400000:30,400000-1000000:20,1000000-2000000:10]",[0-18446744073709551615:80]
sol,165.65,"[0-350000000:100, 350000000-400000000:95, 400000000-450000000:90, 450000000-500000000:80, 500000000-550000000:70, 550000000-600000000:65, 600000000-650000000:60, 650000000-1500000000:50, 1500000000-3000000000:30]","[0-3000000:100,3000000-6000000:95,6000000-7000000:90,7000000-8000000:85,8000000-10000000:75,10000000-30000000:60,30000000-50000000:30,50000000-150000000:20,150000000-200000000:10]",[0-18446744073709551615:90]
spell,0.0009748,"[0-500000:100, 500000-1000000:85, 1000000-2000000:65, 2000000-3000000:50, 3000000-6000000:30, 6000000-10000000:10]","[0-50000:100,50000-200000:60,200000-1000000:10]",[0-18446744073709551615:10]
ssv,44.64,"[0-1000000:100, 1000000-1500000:90, 1500000-2500000:80, 2500000-4000000:70, 4000000-6000000:60, 6000000-8000000:50, 8000000-10000000:30, 10000000-15000000:10]","[0-250000:100,250000-500000:60,500000-1000000:30,1000000-3000000:10]",[0-18446744073709551615:35]
stg,0.709,"[0-500000:100, 500000-1000000:85, 1000000-2000000:65, 2000000-3000000:50, 3000000-6000000:30, 6000000-10000000:10]","[0-100000:100,100000-200000:60,200000-400000:30,400000-1000000:20,1000000-2000000:10]",[0-18446744073709551615:10]
stmx,0.007741,,"[0-100000:100,100000-200000:60,200000-400000:30,400000-1000000:20,1000000-2000000:10]",[0-18446744073709551615:10]
storj,0.5328,"[0-1000000:100, 1000000-1500000:90, 1500000-2500000:80, 2500000-4000000:70, 4000000-6000000:60, 6000000-8000000:50, 8000000-10000000:30, 10000000-15000000:10]","[0-100000:100,100000-200000:60,200000-400000:30,400000-1000000:20,1000000-2000000:10]",[0-18446744073709551615:30]
stpt,0.0527,"[0-100000:100, 0-100000:100, 100000-300000:80, 100000-500000:80, 300000-600000:60, 500000-8000000:60, 600000-1000000:50, 1000000-3000000:30, 3000000-5000000:10]",[0-50000:100],[0-18446744073709551615:20]
strax,0.0752,,"[0-50000:100,50000-200000:60,200000-1000000:10]",[0-18446744073709551615:10]
stx,1.831,"[0-1000000:100, 1000000-1500000:90, 1500000-2500000:80, 2500000-4000000:70, 4000000-6000000:60, 6000000-8000000:50, 8000000-10000000:30, 10000000-15000000:10]","[0-250000:100,250000-500000:60,500000-1000000:30,1000000-3000000:10]",[0-18446744073709551615:50]
sui,1.0234,"[0-1000000:100, 1000000-1500000:90, 1500000-2500000:80, 2500000-4000000:70, 4000000-6000000:60, 6000000-8000000:50, 8000000-10000000:30, 10000000-15000000:10]","[0-1000000:100,1000000-2000000:90,2000000-4000000:85,4000000-8000000:50,8000000-15000000:20,15000000-30000000:10]",[0-18446744073709551615:45]
sun,0.012235,,"[0-50000:100,50000-200000:60,200000-1000000:10]",[0-18446744073709551615:10]
super,0.9636,"[0-100000:100, 0-100000:100, 100000-300000:80, 100000-500000:80, 300000-600000:60, 500000-8000000:60, 600000-1000000:50, 1000000-3000000:30, 3000000-5000000:10]","[0-100000:100,100000-200000:60,200000-400000:30,400000-1000000:20,1000000-2000000:10]",[0-18446744073709551615:0]
sushi,1.162,"[0-500000:100, 500000-1000000:85, 1000000-2000000:65, 2000000-3000000:50, 3000000-6000000:30, 6000000-10000000:10]","[0-250000:100,250000-500000:60,500000-1000000:30,1000000-3000000:10]",[0-18446744073709551615:85]
sxp,0.3401,"[0-500000:100, 500000-1000000:85, 1000000-2000000:65, 2000000-3000000:50, 3000000-6000000:30, 6000000-10000000:10]","[0-50000:100,50000-200000:60,200000-1000000:10]",[0-18446744073709551615:70]
sys,0.1952,"[0-100000:100, 0-100000:100, 100000-300000:80, 100000-500000:80, 300000-600000:60, 500000-8000000:60, 600000-1000000:50, 1000000-3000000:30, 3000000-5000000:10]","[0-50000:100,50000-200000:60,200000-1000000:10]",[0-18446744073709551615:10]
t,0.03506,,"[0-50000:100,50000-200000:60,200000-1000000:10]",[0-18446744073709551615:10]
tfuel,0.09493,,"[0-50000:100,50000-200000:60,200000-1000000:10]",[0-18446744073709551615:10]
theta,2.132,"[0-3000000:100, 3000000-4000000:90, 4000000-5000000:80, 5000000-6000000:70, 6000000-7000000:60, 7000000-8000000:50, 8000000-10000000:30, 10000000-20000000:10]","[0-250000:100,250000-500000:60,500000-1000000:30,1000000-3000000:10]",[0-18446744073709551615:80]
tko,0.4474,,"[0-100000:100,100000-200000:60,200000-400000:30,400000-1000000:20,1000000-2000000:10]",[0-18446744073709551615:10]
tlm,0.01923,,"[0-50000:100,50000-200000:60,200000-1000000:10]",[0-18446744073709551615:60]
trb,109.66,"[0-3000000:100, 3000000-4000000:90, 4000000-5000000:80, 5000000-6000000:70, 6000000-7000000:60, 7000000-8000000:50, 8000000-10000000:30, 10000000-20000000:10]",[0-50000:100],[0-18446744073709551615:10]
troy,0.002333,,"[0-50000:100,50000-200000:60,200000-1000000:10]",[0-18446744073709551615:10]
tru,0.17207,"[0-100000:100, 0-100000:100, 100000-300000:80, 100000-500000:80, 300000-600000:60, 500000-8000000:60, 600000-1000000:50, 1000000-3000000:30, 3000000-5000000:10]","[0-50000:100,50000-200000:60,200000-1000000:10]",[0-18446744073709551615:10]
trx,0.11212,"[0-38000000:100, 38000000-40000000:80, 40000000-45000000:70, 45000000-50000000:60, 50000000-55000000:50, 55000000-60000000:40, 60000000-65000000:30, 65000000-200000000:10]","[0-250000:100,250000-500000:60,500000-1000000:30,1000000-3000000:10]",[0-18446744073709551615:50]
tusd,0.9991,"[0-6000000:100, 6000000-7000000:80, 7000000-8000000:60, 8000000-9000000:50, 9000000-10000000:30, 10000000-50000000:10]","[0-100000:100,100000-200000:60,200000-400000:30,400000-1000000:20,1000000-2000000:10]",[0-18446744073709551615:100]
tvk,0.2033072168,"[0-100000:100, 0-100000:100, 100000-300000:80, 100000-500000:80, 300000-600000:60, 500000-8000000:60, 600000-1000000:50, 1000000-3000000:30, 3000000-5000000:10]","[0-100000:100,100000-200000:60,200000-400000:30,400000-1000000:20,1000000-2000000:10]",[0-18446744073709551615:0]
twt,1.2065,"[0-3000000:100, 3000000-4000000:90, 4000000-5000000:80, 5000000-6000000:70, 6000000-7000000:60, 7000000-8000000:50, 8000000-10000000:30, 10000000-20000000:10]","[0-50000:100,50000-200000:60,200000-1000000:10]",[0-18446744073709551615:70]
uma,3.451,,[0-50000:100],[0-18446744073709551615:10]
unfi,4.769,"[0-100000:100, 0-100000:100, 100000-300000:80, 100000-500000:80, 300000-600000:60, 500000-8000000:60, 600000-1000000:50, 1000000-3000000:30, 3000000-5000000:10]","[0-100000:100,100000-200000:60,200000-400000:30,400000-1000000:20,1000000-2000000:10]",[0-18446744073709551615:10]
uni,9.958,"[0-10000000:100, 10000000-11000000:80, 11000000-12000000:60, 12000000-13000000:50, 13000000-14000000:30, 14000000-60000000:10]","[0-100000:100,100000-200000:60,200000-400000:30,400000-1000000:20,1000000-2000000:10]",[0-18446744073709551615:85]
usdc,1.001,"[0-750000000:100, 750000000-800000000:95, 800000000-850000000:90, 850000000-900000000:80, 900000000-950000000:70, 950000000-1000000000:65, 1000000000-1050000000:60, 1050000000-1500000000:50, 1500000000-3000000000:30]","[0-50000000:100,50000000-70000000:98,70000000-100000000:95,100000000-150000000:90,150000000-200000000:85,200000000-250000000:80,250000000-300000000:75,300000000-400000000:70,400000000-800000000:60,800000000-1500000000:50,1500000000-2500000000:30]",[0-18446744073709551615:100]
usdp,1.001,"[0-3000000:100, 3000000-4000000:90, 4000000-5000000:80, 5000000-6000000:70, 6000000-7000000:60, 7000000-8000000:50, 8000000-10000000:30, 10000000-20000000:10]","[0-100000:100,100000-200000:60,200000-400000:30,400000-1000000:20,1000000-2000000:10]",[0-18446744073709551615:100]
usdt,1,"[0-750000000:100, 750000000-800000000:95, 800000000-850000000:90, 850000000-900000000:80, 900000000-950000000:70, 950000000-1000000000:65, 1000000000-1050000000:60, 1050000000-1500000000:50, 1500000000-3000000000:30]","[0-50000000:100,50000000-70000000:98,70000000-100000000:95,100000000-150000000:90,150000000-200000000:85,200000000-250000000:80,250000000-300000000:75,300000000-400000000:70,400000000-800000000:60,800000000-1500000000:50,1500000000-2500000000:30]",[0-18446744073709551615:100]
ustc,0.02435,"[0-1000000:100, 1000000-1500000:90, 1500000-2500000:80, 2500000-4000000:70, 4000000-6000000:60, 6000000-8000000:50, 8000000-10000000:30, 10000000-15000000:10]","[0-100000:100,100000-200000:60,200000-400000:30,400000-1000000:20,1000000-2000000:10]",[0-18446744073709551615:35]
utk,0.0814,,"[0-50000:100,50000-200000:60,200000-1000000:10]",[0-18446744073709551615:10]
vet,0.03394,"[0-500000:100, 500000-1000000:85, 1000000-2000000:65, 2000000-3000000:50, 3000000-6000000:30, 6000000-10000000:10]","[0-250000:100,250000-500000:60,500000-1000000:30,1000000-3000000:10]",[0-18446744073709551615:80]
vib,0.09745,,"[0-50000:100,50000-200000:60,200000-1000000:10]",[0-18446744073709551615:10]
vite,0.02479,,"[0-50000:100,50000-200000:60,200000-1000000:10]",[0-18446744073709551615:10]
voxel,0.2246,"[0-100000:100, 0-100000:100, 100000-300000:80, 100000-500000:80, 300000-600000:60, 500000-8000000:60, 600000-1000000:50, 1000000-3000000:30, 3000000-5000000:10]","[0-50000:100,50000-200000:60,200000-1000000:10]",[0-18446744073709551615:10]
vtho,0.003181,"[0-100000:100, 0-100000:100, 100000-300000:80, 100000-500000:80, 300000-600000:60, 500000-8000000:60, 600000-1000000:50, 1000000-3000000:30, 3000000-5000000:10]","[0-50000:100,50000-200000:60,200000-1000000:10]",[0-18446744073709551615:10]
wan,0.2632,,"[0-50000:100,50000-200000:60,200000-1000000:10]",[0-18446744073709551615:10]
waves,2.394,"[0-500000:100, 500000-1000000:85, 1000000-2000000:65, 2000000-3000000:50, 3000000-6000000:30, 6000000-10000000:10]","[0-250000:100,250000-500000:60,500000-1000000:30,1000000-3000000:10]",[0-18446744073709551615:80]
waxp,0.06474,,[0-50000:100],[0-18446744073709551615:20]
wbeth,3911.08,"[0-350000000:100, 350000000-400000000:95, 400000000-450000000:90, 450000000-500000000:80, 500000000-550000000:70, 550000000-600000000:65, 600000000-650000000:60, 650000000-1500000000:50, 1500000000-3000000000:30]","[0-1000000:100,1000000-2000000:90,2000000-4000000:85,4000000-8000000:50,8000000-15000000:20,15000000-30000000:10]",[0-18446744073709551615:85]
wbtc,67489.82,,"[0-100000:100,100000-200000:60,200000-400000:30,400000-1000000:20,1000000-2000000:10]",[0-18446744073709551615:50]
win,0.0001179,,"[0-100000:100,100000-200000:60,200000-400000:30,400000-1000000:20,1000000-2000000:10]",[0-18446744073709551615:20]
wing,6.37,,"[0-100000:100,100000-200000:60,200000-400000:30,400000-1000000:20,1000000-2000000:10]",[0-18446744073709551615:10]
wnxm,83.21,,[0-50000:100],
woo,0.3254,"[0-1000000:100, 1000000-1500000:90, 1500000-2500000:80, 2500000-4000000:70, 4000000-6000000:60, 6000000-8000000:50, 8000000-10000000:30, 10000000-15000000:10]","[0-100000:100,100000-200000:60,200000-400000:30,400000-1000000:20,1000000-2000000:10]",[0-18446744073709551615:70]
wrx,0.2211,,"[0-50000:100,50000-200000:60,200000-1000000:10]",[0-18446744073709551615:10]
wtc,0.003419069727,,"[0-50000:100,50000-200000:60,200000-1000000:10]",
xec,0.00004625,,"[0-50000:100,50000-200000:60,200000-1000000:10]",[0-18446744073709551615:80]
xem,0.03651,,"[0-50000:100,50000-200000:60,200000-1000000:10]",[0-18446744073709551615:10]
xlm,0.1063,"[0-1000000:100, 1000000-1500000:90, 1500000-2500000:80, 2500000-4000000:70, 4000000-6000000:60, 6000000-8000000:50, 8000000-10000000:30, 10000000-15000000:10]","[0-500000:100,500000-1000000:80,1000000-2000000:70,2000000-3000000:30,3000000-8000000:10]",[0-18446744073709551615:85]
xmr,146.4770997,"[0-350000000:100, 350000000-400000000:95, 400000000-450000000:90, 450000000-500000000:80, 500000000-550000000:70, 550000000-600000000:65, 600000000-650000000:60, 650000000-1500000000:50, 1500000000-3000000000:30]",[0-50000:100],[0-18446744073709551615:70]
xrp,0.5175,"[0-350000000:100, 350000000-400000000:95, 400000000-450000000:90, 450000000-500000000:80, 500000000-550000000:70, 550000000-600000000:65, 600000000-650000000:60, 650000000-1500000000:50, 1500000000-3000000000:30]","[0-3000000:100,3000000-6000000:95,6000000-7000000:90,7000000-8000000:85,8000000-10000000:75,10000000-30000000:60,30000000-50000000:30,50000000-150000000:20,150000000-200000000:10]",[0-18446744073709551615:85]
xtz,0.959,,"[0-100000:100,100000-200000:60,200000-400000:30,400000-1000000:20,1000000-2000000:10]",[0-18446744073709551615:85]
xvg,0.006027,"[0-100000:100, 0-100000:100, 100000-300000:80, 100000-500000:80, 300000-600000:60, 500000-8000000:60, 600000-1000000:50, 1000000-3000000:30, 3000000-5000000:10]","[0-50000:100,50000-200000:60,200000-1000000:10]",[0-18446744073709551615:20]
xvs,10.13,,"[0-50000:100,50000-200000:60,200000-1000000:10]",[0-18446744073709551615:10]
yfi,6988,,"[0-100000:100,100000-200000:60,200000-400000:30,400000-1000000:20,1000000-2000000:10]",[0-18446744073709551615:15]
ygg,0.954,"[0-1000000:100, 1000000-1500000:90, 1500000-2500000:80, 2500000-4000000:70, 4000000-6000000:60, 6000000-8000000:50, 8000000-10000000:30, 10000000-15000000:10]","[0-250000:100,250000-500000:60,500000-1000000:30,1000000-3000000:10]",[0-18446744073709551615:20]
zec,26.97,"[0-500000:100, 500000-1000000:85, 1000000-2000000:65, 2000000-3000000:50, 3000000-6000000:30, 6000000-10000000:10]","[0-50000:100,50000-200000:60,200000-1000000:10]",[0-18446744073709551615:80]
zen,9.68,"[0-100000:100, 0-100000:100, 100000-300000:80, 100000-500000:80, 300000-600000:60, 500000-8000000:60, 600000-1000000:50, 1000000-3000000:30, 3000000-5000000:10]","[0-100000:100,100000-200000:60,200000-400000:30,400000-1000000:20,1000000-2000000:10]",[0-18446744073709551615:10]
zil,0.02366,"[0-500000:100, 500000-1000000:85, 1000000-2000000:65, 2000000-3000000:50, 3000000-6000000:30, 6000000-10000000:10]","[0-100000:100,100000-200000:60,200000-400000:30,400000-1000000:20,1000000-2000000:10]",[0-18446744073709551615:70]
zrx,0.5195,"[0-500000:100, 500000-1000000:85, 1000000-2000000:65, 2000000-3000000:50, 3000000-6000000:30, 6000000-10000000:10]","[0-50000:100,50000-200000:60,200000-1000000:10]",[0-18446744073709551615:10]